-- --------------------------------------------------------
-- Host:                         database-1.c704sumgm4qf.ap-southeast-2.rds.amazonaws.com
-- Server version:               8.0.35 - Source distribution
-- Server OS:                    Linux
-- HeidiSQL Version:             12.1.0.6537
-- --------------------------------------------------------

/*!40101 SET @OLD_CHARACTER_SET_CLIENT=@@CHARACTER_SET_CLIENT */;
/*!40101 SET NAMES utf8 */;
/*!50503 SET NAMES utf8mb4 */;
/*!40103 SET @OLD_TIME_ZONE=@@TIME_ZONE */;
/*!40103 SET TIME_ZONE='+00:00' */;
/*!40014 SET @OLD_FOREIGN_KEY_CHECKS=@@FOREIGN_KEY_CHECKS, FOREIGN_KEY_CHECKS=0 */;
/*!40101 SET @OLD_SQL_MODE=@@SQL_MODE, SQL_MODE='NO_AUTO_VALUE_ON_ZERO' */;
/*!40111 SET @OLD_SQL_NOTES=@@SQL_NOTES, SQL_NOTES=0 */;

-- Dumping data for table maneclickv2.archive_p: ~1 rows (approximately)
REPLACE INTO `archive_p` (`id`, `slp_id`, `fname`, `lname`, `email`, `disorder`, `sex`, `birthdate`, `address`, `guardian`, `status`, `created_at`) VALUES
	(2, 3, 'test', 'archive', 'arch@gmail.com', 'adhd', 'male', '2008-01-04', 'archive address', 'archive guardian', 'inactive', '2024-09-06 18:19:01');

-- Dumping data for table maneclickv2.audit_logs: ~201 rows (approximately)
REPLACE INTO `audit_logs` (`id`, `type`, `action`, `role`, `createdAt`, `updatedAt`) VALUES
	(1, 'logout', 'adminmane logged out of the website', 'adminmane', '2024-09-06 16:42:21', '2024-09-06 16:42:21'),
	(2, 'Register', 'New user registered, account name: sampleuser', 'SLP', '2024-09-06 16:43:04', '2024-09-06 16:43:04'),
	(3, 'login', 'sampleuser logged in to the website', 'sampleuser', '2024-09-06 16:43:31', '2024-09-06 16:43:31'),
	(4, 'logout', 'sampleuser logged out of the website', 'sampleuser', '2024-09-06 16:49:32', '2024-09-06 16:49:32'),
	(5, 'login', 'adminmane logged in to the website', 'adminmane', '2024-09-06 16:52:22', '2024-09-06 16:52:22'),
	(6, 'logout', 'adminmane logged out of the website', 'adminmane', '2024-09-06 17:22:29', '2024-09-06 17:22:29'),
	(7, 'login', 'sampleuser logged in to the website', 'sampleuser', '2024-09-06 17:22:46', '2024-09-06 17:22:46'),
	(8, 'logout', 'sampleuser logged out of the website', 'sampleuser', '2024-09-06 17:24:51', '2024-09-06 17:24:51'),
	(9, 'Register', 'New user registered, account name: sampletwo', 'SLP', '2024-09-06 17:25:32', '2024-09-06 17:25:32'),
	(10, 'login', 'admin logged in to the website', 'admin', '2024-09-06 17:26:31', '2024-09-06 17:26:31'),
	(11, 'logout', 'admin logged out of the website', 'admin', '2024-09-06 17:26:59', '2024-09-06 17:26:59'),
	(12, 'login', 'sampletwo logged in to the website', 'sampletwo', '2024-09-06 17:27:11', '2024-09-06 17:27:11'),
	(13, 'Add Patient', 'sampletwo added a patient named sample patient one', 'sampletwo', '2024-09-06 17:29:39', '2024-09-06 17:29:39'),
	(14, 'View Patient', 'sampletwo viewed patient details for sample patient one', 'sampletwo', '2024-09-06 17:30:01', '2024-09-06 17:30:01'),
	(15, 'Add Therapy', 'sampletwo added therapy for patient sample patient one with DSI #1284872475', 'sampletwo', '2024-09-06 17:30:38', '2024-09-06 17:30:38'),
	(16, 'View Patient', 'sampletwo viewed patient details for sample patient one', 'sampletwo', '2024-09-06 17:30:42', '2024-09-06 17:30:42'),
	(17, 'Add Session', 'sampletwo added a session to patient with DSI 0000-00-00', 'sampletwo', '2024-09-06 17:38:46', '2024-09-06 17:38:46'),
	(18, 'View Patient', 'sampletwo viewed patient details for sample patient one', 'sampletwo', '2024-09-06 17:38:51', '2024-09-06 17:38:51'),
	(19, 'View Patient', 'sampletwo viewed patient details for sample patient one', 'sampletwo', '2024-09-06 17:39:15', '2024-09-06 17:39:15'),
	(20, 'View Patient', 'sampletwo viewed patient details for sample patient one', 'sampletwo', '2024-09-06 17:49:26', '2024-09-06 17:49:26'),
	(21, 'View Patient', 'sampletwo viewed patient details for sample patient one', 'sampletwo', '2024-09-06 17:49:48', '2024-09-06 17:49:48'),
	(22, 'View Patient', 'sampletwo viewed patient details for sample patient one', 'sampletwo', '2024-09-06 17:50:20', '2024-09-06 17:50:20'),
	(23, 'View Patient', 'sampletwo viewed patient details for sample patient one', 'sampletwo', '2024-09-06 17:51:14', '2024-09-06 17:51:14'),
	(24, 'View Patient', 'sampletwo viewed patient details for sample patient one', 'sampletwo', '2024-09-06 17:51:51', '2024-09-06 17:51:51'),
	(25, 'View Patient', 'sampletwo viewed patient details for sample patient one', 'sampletwo', '2024-09-06 17:52:57', '2024-09-06 17:52:57'),
	(26, 'Add Session', 'sampletwo added a session to patient with DSI 0000-00-00', 'sampletwo', '2024-09-06 17:53:42', '2024-09-06 17:53:42'),
	(27, 'View Patient', 'sampletwo viewed patient details for sample patient one', 'sampletwo', '2024-09-06 17:53:46', '2024-09-06 17:53:46'),
	(28, 'View Patient', 'sampletwo viewed patient details for sample patient one', 'sampletwo', '2024-09-06 17:54:40', '2024-09-06 17:54:40'),
	(29, 'View Patient', 'sampletwo viewed patient details for sample patient one', 'sampletwo', '2024-09-06 17:58:38', '2024-09-06 17:58:38'),
	(30, 'Add Session', 'sampletwo added a session to patient with DSI 0000-00-00', 'sampletwo', '2024-09-06 17:59:28', '2024-09-06 17:59:28'),
	(31, 'View Patient', 'sampletwo viewed patient details for sample patient one', 'sampletwo', '2024-09-06 17:59:32', '2024-09-06 17:59:32'),
	(32, 'View Patient', 'sampletwo viewed patient details for sample patient one', 'sampletwo', '2024-09-06 18:00:01', '2024-09-06 18:00:01'),
	(33, 'View Patient', 'sampletwo viewed patient details for sample patient one', 'sampletwo', '2024-09-06 18:04:40', '2024-09-06 18:04:40'),
	(34, 'View Patient', 'sampletwo viewed patient details for sample patient one', 'sampletwo', '2024-09-06 18:16:38', '2024-09-06 18:16:38'),
	(35, 'Generate Arima', 'sampletwo generated an arima report for patient.', 'sampletwo', '2024-09-06 18:16:40', '2024-09-06 18:16:40'),
	(36, 'Generate Arima', 'sampletwo generated an arima report for patient.', 'sampletwo', '2024-09-06 18:17:01', '2024-09-06 18:17:01'),
	(37, 'View Patient', 'sampletwo viewed patient details for sample patient one', 'sampletwo', '2024-09-06 18:17:19', '2024-09-06 18:17:19'),
	(38, 'Generate Arima', 'sampletwo generated an arima report for patient.', 'sampletwo', '2024-09-06 18:17:22', '2024-09-06 18:17:22'),
	(39, 'View Patient', 'sampletwo viewed patient details for sample patient one', 'sampletwo', '2024-09-06 18:17:47', '2024-09-06 18:17:47'),
	(40, 'Add Patient', 'sampletwo added a patient named test archive', 'sampletwo', '2024-09-06 18:18:52', '2024-09-06 18:18:52'),
	(41, 'Archive Patient', 'sampletwo archived patient test archive', 'sampletwo', '2024-09-06 18:19:01', '2024-09-06 18:19:01'),
	(42, 'logout', 'sampletwo logged out of the website', 'sampletwo', '2024-09-06 18:21:03', '2024-09-06 18:21:03'),
	(43, 'login', 'admin logged in to the website', 'admin', '2024-09-06 18:21:10', '2024-09-06 18:21:10'),
	(44, 'login', 'admin logged in to the website', 'admin', '2024-09-07 07:03:10', '2024-09-07 07:03:10'),
	(45, 'logout', 'admin logged out of the website', 'admin', '2024-09-07 07:05:10', '2024-09-07 07:05:10'),
	(46, 'login', 'admin logged in to the website', 'admin', '2024-09-11 11:59:55', '2024-09-11 11:59:55'),
	(47, 'logout', 'admin logged out of the website', 'admin', '2024-09-11 12:00:12', '2024-09-11 12:00:12'),
	(48, 'login', 'admin logged in to the website', 'admin', '2024-09-11 12:00:34', '2024-09-11 12:00:34'),
	(49, 'logout', 'admin logged out of the website', 'admin', '2024-09-11 12:04:55', '2024-09-11 12:04:55'),
	(50, 'Register', 'New user registered, account name: slpchi', 'SLP', '2024-09-11 12:05:54', '2024-09-11 12:05:54'),
	(51, 'login', 'admin logged in to the website', 'admin', '2024-09-11 12:06:34', '2024-09-11 12:06:34'),
	(52, 'logout', 'admin logged out of the website', 'admin', '2024-09-11 12:07:42', '2024-09-11 12:07:42'),
	(53, 'login', 'admin logged in to the website', 'admin', '2024-09-12 05:26:04', '2024-09-12 05:26:04'),
	(54, 'logout', 'admin logged out of the website', 'admin', '2024-09-12 05:26:41', '2024-09-12 05:26:41'),
	(55, 'login', 'slpchi logged in to the website', 'slpchi', '2024-09-12 05:26:52', '2024-09-12 05:26:52'),
	(56, 'login', 'admin logged in to the website', 'admin', '2024-10-07 11:45:28', '2024-10-07 11:45:28'),
	(57, 'logout', 'admin logged out of the website', 'admin', '2024-10-07 11:45:50', '2024-10-07 11:45:50'),
	(58, 'login', 'slpchi logged in to the website', 'slpchi', '2024-10-07 11:46:09', '2024-10-07 11:46:09'),
	(59, 'Add Patient', 'slpchi added a patient named Millie PANLILIO', 'slpchi', '2024-10-07 11:47:25', '2024-10-07 11:47:25'),
	(60, 'View Patient', 'slpchi viewed patient details for Millie PANLILIO', 'slpchi', '2024-10-07 11:47:38', '2024-10-07 11:47:38'),
	(61, 'Add Therapy', 'slpchi added therapy for patient Millie PANLILIO with DSI #9102298167', 'slpchi', '2024-10-07 11:47:59', '2024-10-07 11:47:59'),
	(62, 'View Patient', 'slpchi viewed patient details for Millie PANLILIO', 'slpchi', '2024-10-07 11:48:03', '2024-10-07 11:48:03'),
	(63, 'Add Session', 'slpchi added a session to patient with DSI 0000-00-00', 'slpchi', '2024-10-07 11:48:54', '2024-10-07 11:48:54'),
	(64, 'View Patient', 'slpchi viewed patient details for Millie PANLILIO', 'slpchi', '2024-10-07 11:49:01', '2024-10-07 11:49:01'),
	(65, 'Generate Arima', 'slpchi generated an arima report for patient.', 'slpchi', '2024-10-07 11:49:06', '2024-10-07 11:49:06'),
	(66, 'View Patient', 'slpchi viewed patient details for Millie PANLILIO', 'slpchi', '2024-10-07 12:31:07', '2024-10-07 12:31:07'),
	(67, 'View Patient', 'slpchi viewed patient details for Millie PANLILIO', 'slpchi', '2024-10-07 12:35:31', '2024-10-07 12:35:31'),
	(68, 'View Patient', 'slpchi viewed patient details for Millie PANLILIO', 'slpchi', '2024-10-07 12:37:57', '2024-10-07 12:37:57'),
	(69, 'logout', 'slpchi logged out of the website', 'slpchi', '2024-10-07 12:40:11', '2024-10-07 12:40:11'),
	(70, 'login', 'slpchi logged in to the website', 'slpchi', '2024-10-07 12:40:15', '2024-10-07 12:40:15'),
	(71, 'View Patient', 'slpchi viewed patient details for Millie PANLILIO', 'slpchi', '2024-10-07 12:50:34', '2024-10-07 12:50:34'),
	(72, 'Generate Arima', 'slpchi generated an arima report for patient.', 'slpchi', '2024-10-07 12:50:45', '2024-10-07 12:50:45'),
	(73, 'Generate Arima', 'slpchi generated an arima report for patient.', 'slpchi', '2024-10-07 12:50:54', '2024-10-07 12:50:54'),
	(74, 'Generate Arima', 'slpchi generated an arima report for patient.', 'slpchi', '2024-10-07 12:50:56', '2024-10-07 12:50:56'),
	(75, 'Generate Arima', 'slpchi generated an arima report for patient.', 'slpchi', '2024-10-07 12:50:58', '2024-10-07 12:50:58'),
	(76, 'Generate Arima', 'slpchi generated an arima report for patient.', 'slpchi', '2024-10-07 12:51:00', '2024-10-07 12:51:00'),
	(77, 'Generate Arima', 'slpchi generated an arima report for patient.', 'slpchi', '2024-10-07 12:51:02', '2024-10-07 12:51:02'),
	(78, 'Generate Arima', 'slpchi generated an arima report for patient.', 'slpchi', '2024-10-07 12:51:03', '2024-10-07 12:51:03'),
	(79, 'Generate Arima', 'slpchi generated an arima report for patient.', 'slpchi', '2024-10-07 12:51:26', '2024-10-07 12:51:26'),
	(80, 'Generate Arima', 'slpchi generated an arima report for patient.', 'slpchi', '2024-10-07 12:51:54', '2024-10-07 12:51:54'),
	(81, 'Generate Arima', 'slpchi generated an arima report for patient.', 'slpchi', '2024-10-07 12:52:07', '2024-10-07 12:52:07'),
	(82, 'View Patient', 'slpchi viewed patient details for Millie PANLILIO', 'slpchi', '2024-10-07 12:52:33', '2024-10-07 12:52:33'),
	(83, 'logout', 'slpchi logged out of the website', 'slpchi', '2024-10-07 12:53:22', '2024-10-07 12:53:22'),
	(84, 'login', 'slpchi logged in to the website', 'slpchi', '2024-10-07 12:53:27', '2024-10-07 12:53:27'),
	(85, 'View Patient', 'slpchi viewed patient details for Millie PANLILIO', 'slpchi', '2024-10-07 12:53:50', '2024-10-07 12:53:50'),
	(86, 'View Patient', 'slpchi viewed patient details for Millie PANLILIO', 'slpchi', '2024-10-07 12:53:56', '2024-10-07 12:53:56'),
	(87, 'Generate Arima', 'slpchi generated an arima report for patient.', 'slpchi', '2024-10-07 12:54:00', '2024-10-07 12:54:00'),
	(88, 'View Patient', 'slpchi viewed patient details for Millie PANLILIO', 'slpchi', '2024-10-07 12:54:24', '2024-10-07 12:54:24'),
	(89, 'Generate Arima', 'slpchi generated an arima report for patient.', 'slpchi', '2024-10-07 12:54:26', '2024-10-07 12:54:26'),
	(90, 'logout', 'slpchi logged out of the website', 'slpchi', '2024-10-07 13:52:00', '2024-10-07 13:52:00'),
	(91, 'login', 'slpchi logged in to the website', 'slpchi', '2024-10-07 13:52:03', '2024-10-07 13:52:03'),
	(92, 'View Patient', 'slpchi viewed patient details for Millie PANLILIO', 'slpchi', '2024-10-07 13:52:52', '2024-10-07 13:52:52'),
	(93, 'logout', 'slpchi logged out of the website', 'slpchi', '2024-10-07 13:55:49', '2024-10-07 13:55:49'),
	(94, 'login', 'admin logged in to the website', 'admin', '2024-10-07 13:55:56', '2024-10-07 13:55:56'),
	(95, 'logout', 'admin logged out of the website', 'admin', '2024-10-07 13:59:26', '2024-10-07 13:59:26'),
	(96, 'Register', 'New user registered, account name: slpalbert', 'SLP', '2024-10-07 14:06:13', '2024-10-07 14:06:13'),
	(97, 'login', 'admin logged in to the website', 'admin', '2024-10-07 14:08:14', '2024-10-07 14:08:14'),
	(98, 'logout', 'admin logged out of the website', 'admin', '2024-10-07 14:08:42', '2024-10-07 14:08:42'),
	(99, 'login', 'slpalbert logged in to the website', 'slpalbert', '2024-10-07 14:08:49', '2024-10-07 14:08:49'),
	(100, 'Add Patient', 'slpalbert added a patient named Gilda Li', 'slpalbert', '2024-10-07 14:09:54', '2024-10-07 14:09:54'),
	(101, 'Add Patient', 'slpalbert added a patient named dalki dy', 'slpalbert', '2024-10-07 14:10:29', '2024-10-07 14:10:29'),
	(102, 'View Patient', 'slpalbert viewed patient details for Gilda Li', 'slpalbert', '2024-10-07 14:10:38', '2024-10-07 14:10:38'),
	(103, 'View Patient', 'slpalbert viewed patient details for Gilda Li', 'slpalbert', '2024-10-07 14:11:18', '2024-10-07 14:11:18'),
	(104, 'Add Therapy', 'slpalbert added therapy for patient Gilda Li with DSI #1788319960', 'slpalbert', '2024-10-07 14:11:31', '2024-10-07 14:11:31'),
	(105, 'View Patient', 'slpalbert viewed patient details for Gilda Li', 'slpalbert', '2024-10-07 14:11:34', '2024-10-07 14:11:34'),
	(106, 'Add Session', 'slpalbert added a session to patient with DSI 0000-00-00', 'slpalbert', '2024-10-07 14:11:53', '2024-10-07 14:11:53'),
	(107, 'View Patient', 'slpalbert viewed patient details for Gilda Li', 'slpalbert', '2024-10-07 14:11:57', '2024-10-07 14:11:57'),
	(108, 'Generate Arima', 'slpalbert generated an arima report for patient.', 'slpalbert', '2024-10-07 14:12:01', '2024-10-07 14:12:01'),
	(109, 'View Patient', 'slpalbert viewed patient details for Gilda Li', 'slpalbert', '2024-10-07 14:12:11', '2024-10-07 14:12:11'),
	(110, 'login', 'slpalbert logged in to the website', 'slpalbert', '2024-10-09 02:01:34', '2024-10-09 02:01:34'),
	(111, 'logout', 'slpalbert logged out of the website', 'slpalbert', '2024-10-09 02:02:20', '2024-10-09 02:02:20'),
	(112, 'Register', 'New user registered, account name: slpchad', 'SLP', '2024-10-11 10:19:31', '2024-10-11 10:19:31'),
	(113, 'Register', 'New user registered, account name: slandrew', 'SLP', '2024-10-11 10:30:10', '2024-10-11 10:30:10'),
	(114, 'login', 'admin logged in to the website', 'admin', '2024-10-11 10:34:18', '2024-10-11 10:34:18'),
	(115, 'logout', 'admin logged out of the website', 'admin', '2024-10-11 10:38:03', '2024-10-11 10:38:03'),
	(116, 'login', 'slpchad logged in to the website', 'slpchad', '2024-10-11 10:38:25', '2024-10-11 10:38:25'),
	(117, 'logout', 'slpchad logged out of the website', 'slpchad', '2024-10-11 10:39:23', '2024-10-11 10:39:23'),
	(118, 'login', 'slpchi logged in to the website', 'slpchi', '2024-10-11 10:39:33', '2024-10-11 10:39:33'),
	(119, 'logout', 'slpchi logged out of the website', 'slpchi', '2024-10-11 10:41:16', '2024-10-11 10:41:16'),
	(120, 'login', 'slpchi logged in to the website', 'slpchi', '2024-10-11 10:41:38', '2024-10-11 10:41:38'),
	(121, 'logout', 'slpchi logged out of the website', 'slpchi', '2024-10-11 10:41:44', '2024-10-11 10:41:44'),
	(122, 'login', 'admin logged in to the website', 'admin', '2024-10-11 10:42:53', '2024-10-11 10:42:53'),
	(123, 'logout', 'admin logged out of the website', 'admin', '2024-10-11 10:44:00', '2024-10-11 10:44:00'),
	(124, 'login', 'slpchi logged in to the website', 'slpchi', '2024-10-11 10:44:17', '2024-10-11 10:44:17'),
	(125, 'logout', 'slpchi logged out of the website', 'slpchi', '2024-10-11 10:54:04', '2024-10-11 10:54:04'),
	(126, 'login', 'slpchi logged in to the website', 'slpchi', '2024-10-11 10:54:16', '2024-10-11 10:54:16'),
	(127, 'Register', 'New user registered, account name: admindfdf', 'SLP', '2024-10-24 08:09:55', '2024-10-24 08:09:55'),
	(128, 'Register', 'New user registered, account name: slpjayvee', 'SLP', '2024-10-24 11:47:38', '2024-10-24 11:47:38'),
	(129, 'login', 'admin logged in to the website', 'admin', '2024-10-24 11:49:56', '2024-10-24 11:49:56'),
	(130, 'login', 'slpjayvee logged in to the website', 'slpjayvee', '2024-10-24 11:51:16', '2024-10-24 11:51:16'),
	(131, 'login', 'slpjayvee logged in to the website', 'slpjayvee', '2024-10-24 11:52:17', '2024-10-24 11:52:17'),
	(132, 'Add Patient', 'slpjayvee added a patient named Alisaldo Dee', 'slpjayvee', '2024-10-24 11:54:21', '2024-10-24 11:54:21'),
	(133, 'View Patient', 'slpjayvee viewed patient details for Alisaldo Dee', 'slpjayvee', '2024-10-24 11:54:59', '2024-10-24 11:54:59'),
	(134, 'Add Therapy', 'slpjayvee added therapy for patient Alisaldo Dee with DSI #0806716667', 'slpjayvee', '2024-10-24 11:55:33', '2024-10-24 11:55:33'),
	(135, 'View Patient', 'slpjayvee viewed patient details for Alisaldo Dee', 'slpjayvee', '2024-10-24 11:55:38', '2024-10-24 11:55:38'),
	(136, 'Add Session', 'slpjayvee added a session to patient with DSI 0000-00-00', 'slpjayvee', '2024-10-24 11:56:58', '2024-10-24 11:56:58'),
	(137, 'View Patient', 'slpjayvee viewed patient details for Alisaldo Dee', 'slpjayvee', '2024-10-24 11:57:07', '2024-10-24 11:57:07'),
	(138, 'View Patient', 'slpjayvee viewed patient details for Alisaldo Dee', 'slpjayvee', '2024-10-24 11:57:19', '2024-10-24 11:57:19'),
	(139, 'Generate Arima', 'slpjayvee generated an arima report for patient.', 'slpjayvee', '2024-10-24 11:57:26', '2024-10-24 11:57:26'),
	(140, 'View Patient', 'slpjayvee viewed patient details for Alisaldo Dee', 'slpjayvee', '2024-10-24 11:57:43', '2024-10-24 11:57:43'),
	(141, 'logout', 'slpjayvee logged out of the website', 'slpjayvee', '2024-10-24 11:57:47', '2024-10-24 11:57:47'),
	(142, 'login', 'slpalbert logged in to the website', 'slpalbert', '2024-10-24 11:58:00', '2024-10-24 11:58:00'),
	(143, 'View Patient', 'slpalbert viewed patient details for Gilda Li', 'slpalbert', '2024-10-24 11:58:23', '2024-10-24 11:58:23'),
	(144, 'Add Session', 'slpalbert added a session to patient with DSI 0000-00-00', 'slpalbert', '2024-10-24 11:59:02', '2024-10-24 11:59:02'),
	(145, 'View Patient', 'slpalbert viewed patient details for Gilda Li', 'slpalbert', '2024-10-24 11:59:07', '2024-10-24 11:59:07'),
	(146, 'Generate Arima', 'slpalbert generated an arima report for patient.', 'slpalbert', '2024-10-24 11:59:14', '2024-10-24 11:59:14'),
	(147, 'Register', 'New user registered, account name: javier', 'SLP', '2024-10-24 13:56:48', '2024-10-24 13:56:48'),
	(148, 'View Patient', 'sampletwo viewed patient details for sample patient one', 'sampletwo', '2024-10-24 15:13:24', '2024-10-24 15:13:24'),
	(149, 'View Patient', 'sampletwo viewed patient details for sample patient one', 'sampletwo', '2024-10-24 15:23:59', '2024-10-24 15:23:59'),
	(150, 'Generate Arima', 'sampletwo generated an arima report for patient.', 'sampletwo', '2024-10-24 15:24:15', '2024-10-24 15:24:15'),
	(151, 'View Patient', 'sampletwo viewed patient details for sample patient one', 'sampletwo', '2024-10-24 15:24:50', '2024-10-24 15:24:50'),
	(152, 'Generate Arima', 'sampletwo generated an arima report for patient.', 'sampletwo', '2024-10-24 15:25:45', '2024-10-24 15:25:45'),
	(153, 'View Patient', 'sampletwo viewed patient details for sample patient one', 'sampletwo', '2024-10-24 15:26:59', '2024-10-24 15:26:59'),
	(154, 'View Patient', 'sampletwo viewed patient details for sample patient one', 'sampletwo', '2024-10-24 15:30:09', '2024-10-24 15:30:09'),
	(155, 'Generate Arima', 'sampletwo generated an arima report for patient.', 'sampletwo', '2024-10-24 15:31:31', '2024-10-24 15:31:31'),
	(156, 'View Patient', 'sampletwo viewed patient details for sample patient one', 'sampletwo', '2024-10-24 15:32:50', '2024-10-24 15:32:50'),
	(157, 'Add Session', 'sampletwo added a session to patient with DSI 0000-00-00', 'sampletwo', '2024-10-24 15:33:24', '2024-10-24 15:33:24'),
	(158, 'View Patient', 'sampletwo viewed patient details for sample patient one', 'sampletwo', '2024-10-24 15:33:28', '2024-10-24 15:33:28'),
	(159, 'View Patient', 'sampletwo viewed patient details for sample patient one', 'sampletwo', '2024-10-24 15:33:45', '2024-10-24 15:33:45'),
	(160, 'View Patient', 'sampletwo viewed patient details for sample patient one', 'sampletwo', '2024-10-24 15:33:54', '2024-10-24 15:33:54'),
	(161, 'View Patient', 'sampletwo viewed patient details for sample patient one', 'sampletwo', '2024-10-24 15:34:01', '2024-10-24 15:34:01'),
	(162, 'View Patient', 'sampletwo viewed patient details for sample patient one', 'sampletwo', '2024-10-24 15:34:38', '2024-10-24 15:34:38'),
	(163, 'View Patient', 'sampletwo viewed patient details for sample patient one', 'sampletwo', '2024-10-24 15:35:21', '2024-10-24 15:35:21'),
	(164, 'View Patient', 'sampletwo viewed patient details for sample patient one', 'sampletwo', '2024-10-24 15:35:26', '2024-10-24 15:35:26'),
	(165, 'View Patient', 'sampletwo viewed patient details for sample patient one', 'sampletwo', '2024-10-24 15:35:32', '2024-10-24 15:35:32'),
	(166, 'View Patient', 'sampletwo viewed patient details for sample patient one', 'sampletwo', '2024-10-24 15:35:40', '2024-10-24 15:35:40'),
	(167, 'View Patient', 'sampletwo viewed patient details for sample patient one', 'sampletwo', '2024-10-24 15:35:56', '2024-10-24 15:35:56'),
	(168, 'View Patient', 'sampletwo viewed patient details for sample patient one', 'sampletwo', '2024-10-24 15:36:01', '2024-10-24 15:36:01'),
	(169, 'View Patient', 'sampletwo viewed patient details for sample patient one', 'sampletwo', '2024-10-24 15:36:15', '2024-10-24 15:36:15'),
	(170, 'Generate Arima', 'sampletwo generated an arima report for patient.', 'sampletwo', '2024-10-24 15:36:21', '2024-10-24 15:36:21'),
	(171, 'View Patient', 'sampletwo viewed patient details for sample patient one', 'sampletwo', '2024-10-24 15:36:59', '2024-10-24 15:36:59'),
	(172, 'Add Session', 'sampletwo added a session to patient with DSI 0000-00-00', 'sampletwo', '2024-10-24 15:37:24', '2024-10-24 15:37:24'),
	(173, 'View Patient', 'sampletwo viewed patient details for sample patient one', 'sampletwo', '2024-10-24 15:37:28', '2024-10-24 15:37:28'),
	(174, 'View Patient', 'sampletwo viewed patient details for sample patient one', 'sampletwo', '2024-10-24 15:37:38', '2024-10-24 15:37:38'),
	(175, 'Generate Arima', 'sampletwo generated an arima report for patient.', 'sampletwo', '2024-10-24 15:37:44', '2024-10-24 15:37:44'),
	(176, 'View Patient', 'sampletwo viewed patient details for sample patient one', 'sampletwo', '2024-10-25 00:58:06', '2024-10-25 00:58:06'),
	(177, 'Generate Arima', 'sampletwo generated an arima report for patient.', 'sampletwo', '2024-10-25 00:58:08', '2024-10-25 00:58:08'),
	(178, 'View Patient', 'sampletwo viewed patient details for sample patient one', 'sampletwo', '2024-10-25 01:04:12', '2024-10-25 01:04:12'),
	(179, 'Generate Arima', 'sampletwo generated an arima report for patient.', 'sampletwo', '2024-10-25 01:04:15', '2024-10-25 01:04:15'),
	(180, 'View Patient', 'sampletwo viewed patient details for sample patient one', 'sampletwo', '2024-10-25 01:05:09', '2024-10-25 01:05:09'),
	(181, 'Generate Arima', 'sampletwo generated an arima report for patient.', 'sampletwo', '2024-10-25 01:05:12', '2024-10-25 01:05:12'),
	(182, 'View Patient', 'sampletwo viewed patient details for sample patient one', 'sampletwo', '2024-10-25 01:05:52', '2024-10-25 01:05:52'),
	(183, 'Generate Arima', 'sampletwo generated an arima report for patient.', 'sampletwo', '2024-10-25 01:06:33', '2024-10-25 01:06:33'),
	(184, 'View Patient', 'sampletwo viewed patient details for sample patient one', 'sampletwo', '2024-10-25 01:07:13', '2024-10-25 01:07:13'),
	(185, 'Generate Arima', 'sampletwo generated an arima report for patient.', 'sampletwo', '2024-10-25 01:10:15', '2024-10-25 01:10:15'),
	(186, 'View Patient', 'sampletwo viewed patient details for sample patient one', 'sampletwo', '2024-10-25 01:36:33', '2024-10-25 01:36:33'),
	(187, 'Generate Arima', 'sampletwo generated an arima report for patient.', 'sampletwo', '2024-10-25 01:49:19', '2024-10-25 01:49:19'),
	(188, 'View Patient', 'sampletwo viewed patient details for sample patient one', 'sampletwo', '2024-10-25 01:49:28', '2024-10-25 01:49:28'),
	(189, 'Generate Arima', 'sampletwo generated an arima report for patient.', 'sampletwo', '2024-10-25 01:49:31', '2024-10-25 01:49:31'),
	(190, 'Generate Arima', 'sampletwo generated an arima report for patient.', 'sampletwo', '2024-10-25 01:51:39', '2024-10-25 01:51:39'),
	(191, 'logout', 'sampletwo logged out of the website', 'sampletwo', '2024-10-25 02:19:04', '2024-10-25 02:19:04'),
	(192, 'Register', 'New user registered, account name: herbx111', 'SLP', '2024-10-25 02:19:39', '2024-10-25 02:19:39'),
	(193, 'login', 'admin logged in to the website', 'admin', '2024-10-25 04:39:26', '2024-10-25 04:39:26'),
	(194, 'logout', 'sampletwo logged out of the website', 'sampletwo', '2024-10-25 04:40:18', '2024-10-25 04:40:18'),
	(195, 'login', 'admin logged in to the website', 'admin', '2024-10-25 04:40:27', '2024-10-25 04:40:27'),
	(196, 'logout', 'sampletwo logged out of the website', 'sampletwo', '2024-10-25 04:41:02', '2024-10-25 04:41:02'),
	(197, 'login', 'admin logged in to the website', 'admin', '2024-10-25 04:41:06', '2024-10-25 04:41:06'),
	(198, 'logout', 'admin logged out of the website', 'admin', '2024-10-25 04:42:04', '2024-10-25 04:42:04'),
	(199, 'login', 'admin logged in to the website', 'admin', '2024-10-25 04:42:07', '2024-10-25 04:42:07'),
	(200, 'login', 'admin logged in to the website', 'admin', '2024-10-25 04:44:02', '2024-10-25 04:44:02'),
	(201, 'login', 'admin logged in to the website', 'admin', '2024-10-27 14:19:48', '2024-10-27 14:19:48'),
	(202, 'logout', 'admin logged out of the website', 'admin', '2024-10-27 14:31:49', '2024-10-27 14:31:49'),
	(203, 'login', 'admin logged in to the website', 'admin', '2024-10-27 14:32:41', '2024-10-27 14:32:41'),
	(204, 'logout', 'admin logged out of the website', 'admin', '2024-10-27 14:40:18', '2024-10-27 14:40:18'),
	(205, 'login', 'slpalbert logged in to the website', 'slpalbert', '2024-10-27 14:40:26', '2024-10-27 14:40:26'),
	(206, 'View Patient', 'slpalbert viewed patient details for Gilda Li', 'slpalbert', '2024-10-27 14:41:08', '2024-10-27 14:41:08'),
	(207, 'View Patient', 'slpalbert viewed patient details for Gilda Li', 'slpalbert', '2024-10-27 14:58:28', '2024-10-27 14:58:28'),
	(208, 'Generate Arima', 'slpalbert generated an arima report for patient.', 'slpalbert', '2024-10-27 14:58:43', '2024-10-27 14:58:43'),
	(209, 'View Patient', 'slpalbert viewed patient details for Gilda Li', 'slpalbert', '2024-10-27 14:59:03', '2024-10-27 14:59:03'),
	(210, 'logout', 'slpalbert logged out of the website', 'slpalbert', '2024-10-27 15:30:04', '2024-10-27 15:30:04'),
	(211, 'login', 'slpalbert logged in to the website', 'slpalbert', '2024-10-27 15:30:12', '2024-10-27 15:30:12'),
	(212, 'logout', 'slpalbert logged out of the website', 'slpalbert', '2024-10-27 15:35:15', '2024-10-27 15:35:15'),
	(213, 'login', 'slpalbert logged in to the website', 'slpalbert', '2024-10-27 15:35:21', '2024-10-27 15:35:21'),
	(214, 'logout', 'slpalbert logged out of the website', 'slpalbert', '2024-10-27 15:41:39', '2024-10-27 15:41:39'),
	(215, 'login', 'slpjayvee logged in to the website', 'slpjayvee', '2024-10-27 15:41:43', '2024-10-27 15:41:43'),
	(216, 'logout', 'slpjayvee logged out of the website', 'slpjayvee', '2024-10-27 15:42:04', '2024-10-27 15:42:04'),
	(217, 'login', 'slpchi logged in to the website', 'slpchi', '2024-10-27 15:42:11', '2024-10-27 15:42:11'),
	(218, 'login', 'slpchi logged in to the website', 'slpchi', '2024-10-27 15:42:21', '2024-10-27 15:42:21');

-- Dumping data for table maneclickv2.patients: ~6 rows (approximately)
REPLACE INTO `patients` (`id`, `slp_id`, `fname`, `lname`, `email`, `disorder`, `sex`, `birthdate`, `address`, `guardian`, `status`, `created_at`, `province`, `barangay`, `city`) VALUES
	(1, 3, 'sample', 'patient one', 'testlng@gma.com', 'adhd', 'male', '2016-05-03', '123 adress', 'pone guardian', 'active', '2024-09-06 17:29:38', NULL, NULL, NULL),
	(2, 3, 'test', 'archive', 'arch@gmail.com', 'adhd', 'male', '2008-01-04', 'archive address', 'archive guardian', 'inactive', '2024-09-06 18:18:52', NULL, NULL, NULL),
	(3, 4, '+cO2XlXi8szLyoMLlN5/JmpsMi9NMTlCUnk5VDVzTXlRMUMrMk', '2ZSoL+3VOKNtKEenoZljtkRsbDBDM0lrVFdmeWZzTmV2Y1l5cV', 'XybH2KhSbzFNnsAHMMtKLTgrMmNaUTM5WkdtbDJYVmFNc1JydWl5UlgxUGhOajAwa3ZWbTlNL0orWDg9', '4tGelR4dvreXu4N4xqSPF3orNHRLaWt3K1FOYkR4WUp3YmNFMmc9PQ==', '', '0000-00-00', 'TC2L/DfJzz30eZBj4gVWi2grNXRGTWgwZm1iVUxQSTluY1d5OHc9PQ==', '5c5hI0i0CbWLJEWQASJT/k5FWjJFb0pkWjV1RmFKTEd3QUpmbWc9PQ==', 'active', '2024-10-07 11:47:25', 'Nueva Ecija', 'Catalanacan', 'Science City of Muñoz'),
	(4, 5, '4SlNbcP4qQR6ZqEaLSD4xVRHNHk1eDBjU3VzUlZPRTdQNDhHMF', '046GITP7X+sZIvLzFXjs1GxnU3E1OERQUTVwblB0VC9vMGExVl', '2YGIzYNxcnSWfhNcm1zddTNpcEpyQXdzRDhCd3VGdzJsY1liRVE9PQ==', 'FJJWsbWrwN4X3Dw8hQDL22V0ekhHVkJGNVE3V25LVkY3RHNMb1E9PQ==', '', '0000-00-00', 'jMeOv612ODVVzmzL+1EPjEpuQkE2MGdlQTMySGdhelFOV1BweEE9PQ==', 'xM9nhD9zTYoq1WxumcFDn04zZ1pObWFBOHJvbHBVSjNlWmtuWlE9PQ==', 'active', '2024-10-07 14:09:53', 'Batangas', 'Barangay 5 (Pob.)', 'Lian'),
	(5, 5, 'AL2FwtArZq/6MFVnYVdZsDl5ZmQ0OTJ2c00zdXRhZm13TDFLUX', 'fpQMi/RAp3u7TpbZ6AI2bXhjK0NlSFZkZUpELzFSVm54ZXFYSl', '6DKH0m2L4/VxII1UuvJqfHg5cU13Q2E2KzRJTjZzRmNPd2pOOHc9PQ==', '7ZTQ+voefk8o3EX5nJmYomZ3RFVPT1VmWEQ4RnJwOUpVcklzdEE9PQ==', '', '0000-00-00', 'yWyZHnKpYy8P0Cb9voaxIDUySWt0NVN4VEQrUTQzem9XdXZ2bFE9PQ==', 'z+9cVMNjJaw3Dn+oTf39mklUc29vUndrNlYzL0dmM0RhL2pmNVE9PQ==', 'active', '2024-10-07 14:10:28', 'Aurora', 'Diniog', 'Dilasag'),
	(6, 9, 'XmqpKxp44DaxA4WwZCiiz015RjdvSVhaZTNtTHBjT1JMVXZlR3', 'fGdObMNdsOt4fyLow7l3E0NpWUtodHhDQmFtL3VtNmNoSnhzak', 'DhxrQW+MeZj5X0bZJkOx5zk2ZzRNY1o4SjRNQ3ZRU0taOGJpaitHYnFFdHhGWEtQSWExR050WmVjZHM9', 'j9Hv18/afeJmKD0mynCmdG5TU3Y5TE5kOEhQK3E5MHFEQUVZMWc9PQ==', '', '0000-00-00', 'Lx6ZQNeqzpZaA5GXmMQxvUZqS3lEeGcxV2lYSlZaQkEyT3RRaFE9PQ==', 'k4rdkjMYwK5Y0bSXkUVlcmcwVVJYeFNWYndLZ2dXWW9QVHNWbEE9PQ==', 'active', '2024-10-24 11:54:21', 'Batangas', 'Poblacion', 'Malvar');

-- Dumping data for table maneclickv2.plans_type: ~0 rows (approximately)

-- Dumping data for table maneclickv2.prompts: ~5 rows (approximately)
REPLACE INTO `prompts` (`id`, `prompt_name`, `score`) VALUES
	(1, 'Correct Independent Production', 100),
	(2, 'Visual Prompt', 80),
	(3, 'Verbal Prompt', 60),
	(4, 'Tactile Prompt', 40),
	(5, 'Hand under Hand Assistance', 20);

-- Dumping data for table maneclickv2.sesh_goals: ~9 rows (approximately)
REPLACE INTO `sesh_goals` (`id`, `patient_id`, `goal`, `is_goal_reached`, `createdAt`, `updatedAt`) VALUES
	(1, 1, 'teach patient how to read properly', 'yes', '2024-09-06 10:38:45', '2024-09-06 10:38:45'),
	(2, 1, 'improve from first', 'yes', '2024-09-06 17:53:41', '2024-09-06 17:53:41'),
	(3, 1, 'Really improve from last two sessions', 'yes', '2024-09-06 17:59:27', '2024-09-06 17:59:27'),
	(4, 3, 'goat', 'yes', '2024-10-07 11:48:53', '2024-10-07 11:48:53'),
	(5, 4, 'sddfdd', 'yes', '2024-10-07 14:11:52', '2024-10-07 14:11:52'),
	(6, 6, 'Aabc', 'yes', '2024-10-24 11:56:56', '2024-10-24 11:56:56'),
	(7, 4, 'jhhjh', 'yes', '2024-10-24 11:59:00', '2024-10-24 11:59:00'),
	(8, 1, 'read', 'no', '2024-10-24 15:33:23', '2024-10-24 15:33:23'),
	(9, 1, 'cvb  b', 'yes', '2024-10-24 15:37:23', '2024-10-24 15:37:23');

-- Dumping data for table maneclickv2.subscription: ~5 rows (approximately)
REPLACE INTO `subscription` (`id`, `user_id`, `type`, `plan_cost`, `s_account_number`, `s_account_name`, `payrefnumber`, `status`, `createdAt`) VALUES
	(1, 2, 'Free Trial', 1.00, NULL, NULL, NULL, 1, '2024-09-18 16:44:14'),
	(2, 3, 'Standard Plan', 499.00, NULL, NULL, NULL, 1, '2024-09-18 17:28:03'),
	(3, 4, 'Free Trial', 1.00, NULL, NULL, NULL, 1, '2024-09-18 11:46:45'),
	(4, 5, 'Standard Plan', 499.00, NULL, NULL, NULL, 1, '2024-09-18 14:09:12'),
	(5, 9, 'Standard Plan', 499.00, NULL, NULL, NULL, 1, '2024-10-24 11:52:53');

-- Dumping data for table maneclickv2.therapy: ~4 rows (approximately)
REPLACE INTO `therapy` (`id`, `patient_id`, `name`, `sex`, `SLP`, `disorders`, `DSI`, `DOE`, `valid_until`, `FTD`, `TFD`, `overall_remarks`, `status`, `createdAt`, `user_id`, `is_verified`) VALUES
	(1, 1, 'sample patient one', 'male', 'sample two', 'adhd', '0000-00-00', '2024-10-31', '2024-10-30', '2024-09-10', '2024-10-26', NULL, 'active', '2024-09-06 10:38:45', NULL, 'No'),
	(2, 3, 'Millie PANLILIO', 'female', 'Chi Tiu', 'autism', '0000-00-00', '2024-10-07', '2024-11-20', '2024-10-07', '2024-12-15', NULL, 'active', '2024-10-07 11:47:59', NULL, 'No'),
	(3, 4, 'Gilda Li', 'female', 'albert Samonte', 'autism', '0000-00-00', '2024-10-11', '2024-11-22', '2024-10-07', '2025-01-22', NULL, 'active', '2024-10-07 14:11:30', '5', 'No'),
	(4, 6, 'Alisaldo Dee', 'male', 'Jayvee Cruz', 'autism', '0000-00-00', '2024-10-30', '2024-11-15', '2024-10-24', '2024-12-26', NULL, 'active', '2024-10-24 11:55:33', '9', 'No');

-- Dumping data for table maneclickv2.t_sessions: ~23 rows (approximately)
REPLACE INTO `t_sessions` (`id`, `DSI`, `patient_id`, `session_number`, `word`, `prompt`, `interpretation`, `remarks`, `createdAt`, `updatedAt`) VALUES
	(1, '0000-00-00', 1, 2147483647, 'one', 'Visual prompt', 'good', 'good', '2024-09-06 10:38:45', '2024-09-06 10:38:45'),
	(2, '0000-00-00', 1, 2147483647, 'two', 'Correct independent production', 'very good', 'very good', '2024-09-06 10:38:45', '2024-09-06 10:38:45'),
	(3, '0000-00-00', 1, 2147483647, 'test', 'Correct independent production', 'very good', 'very good', '2024-09-07 10:53:42', '2024-09-07 10:53:42'),
	(4, '0000-00-00', 1, 2147483647, 'apple', 'Correct independent production', 'very good', 'very good', '2024-09-07 10:53:42', '2024-09-07 10:53:42'),
	(5, '0000-00-00', 1, 2147483647, 'games', 'Verbal prompt', 'not improving', 'not improving', '2024-09-09 10:59:28', '2024-09-09 10:59:28'),
	(6, '0000-00-00', 1, 2147483647, 'eight', 'Tactile prompt', 'having hard time', 'having hard time', '2024-09-09 10:59:28', '2024-09-09 10:59:28'),
	(7, '0000-00-00', 3, 2147483647, 'Bag', 'Visual prompt', 'QWD', 'SDSDSDSD', '2024-10-07 11:48:54', '2024-10-07 11:48:54'),
	(8, '0000-00-00', 3, 2147483647, 'DDWWD', 'Correct independent production', 'WDDD', 'DSSD', '2024-10-07 11:48:54', '2024-10-07 11:48:54'),
	(9, '0000-00-00', 3, 2147483647, 'SDSDDS', 'Verbal prompt', 'DDSDSDDD', 'DSDCDS', '2024-10-07 11:48:54', '2024-10-07 11:48:54'),
	(10, '0000-00-00', 4, 2147483647, 'dfdff', 'Correct independent production', 'fdfd', 'dffdf', '2024-10-07 14:11:52', '2024-10-07 14:11:52'),
	(11, '0000-00-00', 4, 2147483647, 'dffdffd', 'Visual prompt', 'fdfdfd', 'fffd', '2024-10-07 14:11:52', '2024-10-07 14:11:52'),
	(12, '0000-00-00', 4, 2147483647, 'fdff', 'Correct independent production', 'fdf', 'fddf', '2024-10-07 14:11:53', '2024-10-07 14:11:53'),
	(13, '0000-00-00', 6, 2147483647, 'Bag', 'Visual prompt', 'able to identify', 'practice', '2024-10-24 11:56:57', '2024-10-24 11:56:57'),
	(14, '0000-00-00', 6, 2147483647, 'ball', 'Visual prompt', 'dddsd', 'sdsdddd', '2024-10-24 11:56:58', '2024-10-24 11:56:58'),
	(15, '0000-00-00', 6, 2147483647, 'toy', 'Tactile prompt', 'dsdds', 'sdsddsds', '2024-10-24 11:56:58', '2024-10-24 11:56:58'),
	(16, '0000-00-00', 6, 2147483647, 'lego', 'Verbal prompt', 'ssd', 'dsd', '2024-10-24 11:56:58', '2024-10-24 11:56:58'),
	(17, '0000-00-00', 6, 2147483647, 'ray', 'Verbal prompt', 'dsdsd', 'dsdssd', '2024-10-24 11:56:58', '2024-10-24 11:56:58'),
	(18, '0000-00-00', 4, 2147483647, 'kdsajdskd', 'Correct independent production', 'dssdds', 'dsdsds', '2024-10-24 11:59:02', '2024-10-24 11:59:02'),
	(19, '0000-00-00', 4, 2147483647, 'dsdds', 'Visual prompt', 'dsdds', 'dsdsdsds', '2024-10-24 11:59:02', '2024-10-24 11:59:02'),
	(20, '0000-00-00', 4, 2147483647, 'sddsdd', 'Verbal prompt', 'dddsds', 'dsdssd', '2024-10-24 11:59:02', '2024-10-24 11:59:02'),
	(21, '0000-00-00', 4, 2147483647, 'cxcxc', 'Hand under hand assistance', 'cxcc', 'cxcc', '2024-10-24 11:59:02', '2024-10-24 11:59:02'),
	(22, '0000-00-00', 1, 2147483647, 'hehe', 'Visual prompt', 'good', 'gffg', '2024-10-24 15:33:24', '2024-10-24 15:33:24'),
	(23, '0000-00-00', 1, 2147483647, 'awww', 'Hand under hand assistance', 'Very nice', 'very nice', '2024-10-24 15:37:24', '2024-10-24 15:37:24');

-- Dumping data for table maneclickv2.users: ~9 rows (approximately)
REPLACE INTO `users` (`id`, `firstname`, `lastname`, `birthdate`, `address`, `phone`, `gender`, `email`, `username`, `password`, `role`, `status`, `prc_id`, `prc_id_no`, `createdAt`, `updatedAt`, `province`, `city`, `barangay`, `is_verified`, `verification_token`) VALUES
	(1, 'admin', 'admin', '1999-01-01', 'admin', '09123221454', 'male', 'admin@gmail.com', 'admin', '$2y$10$4y1tjAZqHDNuDe74f9GNYOKhWkJJkvHh3SxOlvZQv8NcUjTIBrGiW', 'admin', 1, NULL, NULL, '2024-09-06 15:54:09', '2024-09-06 17:26:26', NULL, NULL, NULL, 'No', NULL),
	(2, 'sample', 'user', '2003-09-01', '123 address sample', '09124578778', 'female', 'sampleuser@gmail.com', 'sampleuser', '$2y$10$wB6mPrD0kfwQO/bQxLY6..KxjmW55e3/UZ58gd4UYcCyMQh.R3rEO', 'SLP', 1, '/MANECLICK-V.2/BACKEND/uploads/prc_id_66db3125ed0b', '1111111', '2024-09-06 16:43:04', '2024-09-06 17:22:16', NULL, NULL, NULL, 'No', NULL),
	(3, 'sample', 'two', '2000-02-03', 'sample two address', '09124565454', 'male', 'sampletwo@gmail.com', 'sampletwo', '$2y$10$b3uFmm2sJbUUXAkY8xaKu.FXusNWVaWZLRB0ogpFjdAo.pvQc86Qi', 'SLP', 1, '/MANECLICK-V.2/BACKEND/uploads/prc_id_66db3b1b74d8', '2222222', '2024-09-06 17:25:32', '2024-09-06 17:26:43', NULL, NULL, NULL, 'No', NULL),
	(4, 'Chi', 'Tiu', '2003-08-13', 'Makati City', '09771812345', 'female', 'chitiu7321@gmail.com', 'slpchi', '$2y$10$p6cnlZq5a8fB3FboNjAd8OMJXEnJ3L55Ude8bneczDdKGyWDcS/B6', 'SLP', 1, '/MANECLICK-V.2/BACKEND/uploads/prc_id_66e187b91051', '1234567', '2024-09-11 12:05:54', '2024-10-07 14:04:36', NULL, NULL, NULL, 'No', NULL),
	(5, 'albert', 'Samonte', '2003-09-02', 'abc', '09112321456', 'male', 'chitiu73342@gmail.com', 'slpalbert', '$2y$10$3MpECqdGeAGkLOacpB/id.ZAbKTlfWwoIFg8upt0hUCT2Sxczsir6', 'SLP', 1, '/MANECLICK-V.2/BACKEND/uploads/prc_id_6703eaeed76e', '12345', '2024-10-07 14:06:13', '2024-10-24 11:46:41', 'Ilocos Sur', 'Banayoyo', 'Montero', 'Yes', NULL),
	(6, 'Chad', 'Gomez', '2003-10-09', '123 Mahogany', '09881213456', 'male', 'manet123@gmail.com', 'slpchad', '$2y$10$gPJ7ZGT3ytf4CMdiVNn5f.DSgiQXsWx3xW4kUWm07A7bGZuAu2J/m', 'SLP', 1, NULL, NULL, '2024-10-11 10:19:31', '2024-10-24 11:47:15', 'Ilocos Norte', 'Adams', 'Adams (Pob.)', 'Yes', NULL),
	(7, 'andrew', 'Gomez', '2003-10-10', '123 Mahogany', '09881213456', 'male', 'alfonsuel.tan@du.ph', 'slandrew', '$2y$10$fr57MtMB71O./jojvXzqc.MOdPEdBBRKtwTkE7/nKQgI6B60L2H/a', 'SLP', 2, '/MANECLICK-V.2/BACKEND/uploads/prc_id_6708fe9cb6ed', '1234444', '2024-10-11 10:30:09', '2024-10-24 11:47:03', 'Ilocos Norte', 'Adams', 'Adams (Pob.)', 'No', '98726cc80b1dcaecfe0d6d58faab8c9d'),
	(9, 'Jayvee', 'Cruz', '2003-10-22', 'Pineapple Street', '09771812345', 'male', 'chitiu732@gmail.com', 'slpjayvee', '$2y$10$ryUR9ePlZSVy/FMXgPsL.ee43uplEFJxYY.D0XxP3.a6Nwjv48Tcy', 'SLP', 1, '/MANECLICK-V.2/BACKEND/uploads/prc_id_671a34134717', '1234567', '2024-10-24 11:47:37', '2024-10-24 11:50:14', 'Ilocos Sur', 'Bantay', 'Lingsat', 'Yes', NULL),
	(11, 'dfgdfg', 'gdfdfg', '2003-10-08', 'fghgfh', '09123456789', 'male', 'test35@gmal.com', 'herbx111', '$2y$10$AkHatJ2LRg64NToJXCDU/ePiIVuVvfmKLFVLeFigyWd/bFvdIe.O6', 'SLP', 0, NULL, NULL, '2024-10-25 02:19:38', '2024-10-25 02:19:38', 'Ilocos Norte', 'Bangui', 'Banban', 'No', 'e7bbebdb6c78994897a04b55644672aa');

/*!40103 SET TIME_ZONE=IFNULL(@OLD_TIME_ZONE, 'system') */;
/*!40101 SET SQL_MODE=IFNULL(@OLD_SQL_MODE, '') */;
/*!40014 SET FOREIGN_KEY_CHECKS=IFNULL(@OLD_FOREIGN_KEY_CHECKS, 1) */;
/*!40101 SET CHARACTER_SET_CLIENT=@OLD_CHARACTER_SET_CLIENT */;
/*!40111 SET SQL_NOTES=IFNULL(@OLD_SQL_NOTES, 1) */;
